{"m_projector2camera": [[0.3368166512781146, -0.03704862807968484, 382.4086426151125], [-0.0629159829128781, 0.3005583400261367, 302.02030397421527], [-0.00011604691146366647, -2.335009560795585e-05, 0.9083732112516838]], "m_camera2screen": [[1.5728454593019836, 0.051852048108856644, -210.346475161595], [0.14244712526519918, 1.5622326172176793, -290.0617074298217], [0.00020099065572673648, 3.2141890322820286e-05, 1.0]], "l_circle_projector": [[93, 111], [128, 1036], [1825, 91], [1837, 1011]], "l_circle_camera": [[128, 174], [104, 902], [1795, 22], [1803, 985]], "l_circle_screen": [[0, 0], [0, 1080], [1920, 0], [1920, 1080]]}